"file","caption","alt_text","category","png_time","StartTime"
"bio1_sizeatage.png","Length at age in the beginning of the year (or season) in the ending year of the model. Shaded area indicates 95% distribution of length at age around estimated growth curve.",NA,"Bio",2024-06-29 12:39:35.819108,"StartTime: Fri Jun 28 13:18:02 2024"
"bio2_sizeatage_plus_CV_and_SD.png","Length at age (top-left panel) with CV (thick line) and SD (thin line) of length at age shown in top-right and lower-left panels",NA,"Bio",2024-06-29 12:39:35.819108,"StartTime: Fri Jun 28 13:18:02 2024"
"bio3_sizeatage_plus_WT_and_MAT.png","Length at age (top-left panel) with weight (thick line) and maturity (thin line) shown in top-right and lower-left panels",NA,"Bio",2024-06-29 12:39:35.819108,"StartTime: Fri Jun 28 13:18:02 2024"
"bio1B_len_at_age_matrix_1.png","Distribution of length at age for seas: 1 sub_seas: 1 morph: 1",NA,"Bio",2024-06-29 12:39:35.819108,"StartTime: Fri Jun 28 13:18:02 2024"
"bio1B_len_at_age_matrix_2.png","Distribution of length at age for seas: 1 sub_seas: 1 morph: 2",NA,"Bio",2024-06-29 12:39:35.819108,"StartTime: Fri Jun 28 13:18:02 2024"
"bio1B_len_at_age_matrix_3.png","Distribution of length at age for seas: 1 sub_seas: 2 morph: 1",NA,"Bio",2024-06-29 12:39:35.819108,"StartTime: Fri Jun 28 13:18:02 2024"
"bio1B_len_at_age_matrix_4.png","Distribution of length at age for seas: 1 sub_seas: 2 morph: 2",NA,"Bio",2024-06-29 12:39:35.819108,"StartTime: Fri Jun 28 13:18:02 2024"
"bio1B_len_at_age_matrix_5.png","Distribution of length at age for seas: 2 sub_seas: 1 morph: 1",NA,"Bio",2024-06-29 12:39:35.819108,"StartTime: Fri Jun 28 13:18:02 2024"
"bio1B_len_at_age_matrix_6.png","Distribution of length at age for seas: 2 sub_seas: 1 morph: 2",NA,"Bio",2024-06-29 12:39:35.819108,"StartTime: Fri Jun 28 13:18:02 2024"
"bio1B_len_at_age_matrix_7.png","Distribution of length at age for seas: 2 sub_seas: 2 morph: 1",NA,"Bio",2024-06-29 12:39:35.819108,"StartTime: Fri Jun 28 13:18:02 2024"
"bio1B_len_at_age_matrix_8.png","Distribution of length at age for seas: 2 sub_seas: 2 morph: 2",NA,"Bio",2024-06-29 12:39:35.819108,"StartTime: Fri Jun 28 13:18:02 2024"
"bio1B_len_at_age_matrix_9.png","Distribution of length at age for seas: 3 sub_seas: 1 morph: 1",NA,"Bio",2024-06-29 12:39:35.819108,"StartTime: Fri Jun 28 13:18:02 2024"
"bio1B_len_at_age_matrix_10.png","Distribution of length at age for seas: 3 sub_seas: 1 morph: 2",NA,"Bio",2024-06-29 12:39:35.819108,"StartTime: Fri Jun 28 13:18:02 2024"
"bio1B_len_at_age_matrix_11.png","Distribution of length at age for seas: 3 sub_seas: 2 morph: 1",NA,"Bio",2024-06-29 12:39:35.819108,"StartTime: Fri Jun 28 13:18:02 2024"
"bio1B_len_at_age_matrix_12.png","Distribution of length at age for seas: 3 sub_seas: 2 morph: 2",NA,"Bio",2024-06-29 12:39:35.819108,"StartTime: Fri Jun 28 13:18:02 2024"
"bio1B_len_at_age_matrix_13.png","Distribution of length at age for seas: 4 sub_seas: 1 morph: 1",NA,"Bio",2024-06-29 12:39:35.819108,"StartTime: Fri Jun 28 13:18:02 2024"
"bio1B_len_at_age_matrix_14.png","Distribution of length at age for seas: 4 sub_seas: 1 morph: 2",NA,"Bio",2024-06-29 12:39:35.819108,"StartTime: Fri Jun 28 13:18:02 2024"
"bio1B_len_at_age_matrix_15.png","Distribution of length at age for seas: 4 sub_seas: 2 morph: 1",NA,"Bio",2024-06-29 12:39:35.819108,"StartTime: Fri Jun 28 13:18:02 2024"
"bio1B_len_at_age_matrix_16.png","Distribution of length at age for seas: 4 sub_seas: 2 morph: 2",NA,"Bio",2024-06-29 12:39:35.819108,"StartTime: Fri Jun 28 13:18:02 2024"
"bio5_weightatsize.png","Weight-length relationship",NA,"Bio",2024-06-29 12:39:35.819108,"StartTime: Fri Jun 28 13:18:02 2024"
"bio6_maturity.png","Maturity at length",NA,"Bio",2024-06-29 12:39:35.819108,"StartTime: Fri Jun 28 13:18:02 2024"
"bio7_fecundity.png","Fecundity",NA,"Bio",2024-06-29 12:39:35.819108,"StartTime: Fri Jun 28 13:18:02 2024"
"bio8_fecundity_wt.png","Fecundity as a function of weight",NA,"Bio",2024-06-29 12:39:35.819108,"StartTime: Fri Jun 28 13:18:02 2024"
"bio9_fecundity_len.png","Fecundity as a function of length",NA,"Bio",2024-06-29 12:39:35.819108,"StartTime: Fri Jun 28 13:18:02 2024"
"bio10_spawningoutput_len.png","Spawning output at length. This is the product of maturity and fecundity unless maturity is age-based, in which case only fecundity is represented.",NA,"Bio",2024-06-29 12:39:35.819108,"StartTime: Fri Jun 28 13:18:02 2024"
"bio11_spawningoutput_age.png","Spawning output at age. This is the product of maturity and fecundity. When these processes are length-based they are converted into the age dimension using the matrix of length at age.",NA,"Bio",2024-06-29 12:39:35.819108,"StartTime: Fri Jun 28 13:18:02 2024"
"sel01_multiple_fleets_length1.png","Selectivity at length for multiple fleets.",NA,"Sel",2024-06-29 12:39:35.819108,"StartTime: Fri Jun 28 13:18:02 2024"
"sel02_multiple_fleets_age1.png","Selectivity at age derived from selectivity at length for multiple fleets.",NA,"Sel",2024-06-29 12:39:35.819108,"StartTime: Fri Jun 28 13:18:02 2024"
"sel03_len_timevary_surf_flt1sex1.png","Surface plot of Time-varying selectivity for SEINE",NA,"Sel",2024-06-29 12:39:35.819108,"StartTime: Fri Jun 28 13:18:02 2024"
"sel04_len_timevary_contour_flt1sex1.png","Countour plot of Time-varying selectivity for SEINE",NA,"Sel",2024-06-29 12:39:35.819108,"StartTime: Fri Jun 28 13:18:02 2024"
"sel09_len_flt1sex1.png","Ending year selectivity for SEINE",NA,"Sel",2024-06-29 12:39:35.819108,"StartTime: Fri Jun 28 13:18:02 2024"
"sel09_len_flt2sex1.png","Ending year selectivity for ECOCADIZ",NA,"Sel",2024-06-29 12:39:35.819108,"StartTime: Fri Jun 28 13:18:02 2024"
"sel09_len_flt3sex1.png","Ending year selectivity for PELAGO",NA,"Sel",2024-06-29 12:39:35.819108,"StartTime: Fri Jun 28 13:18:02 2024"
"sel09_len_flt4sex1.png","Ending year selectivity for ECORECLUTAS",NA,"Sel",2024-06-29 12:39:35.819108,"StartTime: Fri Jun 28 13:18:02 2024"
"sel21_agelen_contour_flt1sex1.png","Ending year selectivity and growth for SEINE",NA,"Sel",2024-06-29 12:39:35.819108,"StartTime: Fri Jun 28 13:18:02 2024"
"sel21_agelen_contour_flt2sex1.png","Ending year selectivity and growth for ECOCADIZ",NA,"Sel",2024-06-29 12:39:35.819108,"StartTime: Fri Jun 28 13:18:02 2024"
"sel21_agelen_contour_flt3sex1.png","Ending year selectivity and growth for PELAGO",NA,"Sel",2024-06-29 12:39:35.819108,"StartTime: Fri Jun 28 13:18:02 2024"
"sel21_agelen_contour_flt4sex1.png","Ending year selectivity and growth for ECORECLUTAS",NA,"Sel",2024-06-29 12:39:35.819108,"StartTime: Fri Jun 28 13:18:02 2024"
"ts7_Spawning_biomass_(mt).png","Spawning biomass (mt)",NA,"Timeseries",2024-06-29 12:39:35.819108,"StartTime: Fri Jun 28 13:18:02 2024"
"ts7_Spawning_biomass_(mt)_with_95_asymptotic_intervals_intervals.png","Spawning biomass (mt) with ~95% asymptotic intervals",NA,"Timeseries",2024-06-29 12:39:35.819108,"StartTime: Fri Jun 28 13:18:02 2024"
"ts9_Relative_spawning_biomass.png","Relative spawning biomass: B/StartYr_Biomass",NA,"Timeseries",2024-06-29 12:39:35.819108,"StartTime: Fri Jun 28 13:18:02 2024"
"ts9_Relative_spawning_biomass_intervals.png","Relative spawning biomass: B/StartYr_Biomass with ~95% asymptotic intervals",NA,"Timeseries",2024-06-29 12:39:35.819108,"StartTime: Fri Jun 28 13:18:02 2024"
"ts1_Total_biomass_(mt).png","Total biomass (mt)",NA,"Timeseries",2024-06-29 12:39:35.819108,"StartTime: Fri Jun 28 13:18:02 2024"
"ts3_Total_biomass_(mt)_at_beginning_of_season_1.png","Total biomass (mt) at beginning of season 1",NA,"Timeseries",2024-06-29 12:39:35.819108,"StartTime: Fri Jun 28 13:18:02 2024"
"ts4_Summary_biomass_(mt).png","Summary biomass (mt)",NA,"Timeseries",2024-06-29 12:39:35.819108,"StartTime: Fri Jun 28 13:18:02 2024"
"ts6_Summary_biomass_(mt)_at_beginning_of_season_1.png","Summary biomass (mt) at beginning of season 1",NA,"Timeseries",2024-06-29 12:39:35.819108,"StartTime: Fri Jun 28 13:18:02 2024"
"ts11_Age-0_recruits_(1000s).png","Age-0 recruits (1,000s)",NA,"Timeseries",2024-06-29 12:39:35.819108,"StartTime: Fri Jun 28 13:18:02 2024"
"ts11_Age-0_recruits_(1000s)_with_95_asymptotic_intervals.png","Age-0 recruits (1,000s) with ~95% asymptotic intervals",NA,"Timeseries",2024-06-29 12:39:35.819108,"StartTime: Fri Jun 28 13:18:02 2024"
"ts14_Age-0_recruits_(1000s)_by_birth_season.png","Age-0 recruits (1,000s) by birth season",NA,"Timeseries",2024-06-29 12:39:35.819108,"StartTime: Fri Jun 28 13:18:02 2024"
"ts15_Fraction_of_total_Age-0_recruits_by_birth_season.png","Fraction of total Age-0 recruits by birth season",NA,"Timeseries",2024-06-29 12:39:35.819108,"StartTime: Fri Jun 28 13:18:02 2024"
"ts_summaryF.png","Summary F (definition of F depends on setting in starter.ss)",NA,"Timeseries",2024-06-29 12:39:35.819108,"StartTime: Fri Jun 28 13:18:02 2024"
"ts_DynamicB0.png","Dynamic B0 plot. The lower line shows the time series of estimated Spawning biomass (mt) in the presence of fishing mortality. The upper line shows the time series that could occur under the same dynamics (including deviations in recruitment), but without fishing. The point at the left represents the unfished equilibrium.",NA,"Timeseries",2024-06-29 12:39:35.819108,"StartTime: Fri Jun 28 13:18:02 2024"
"recdevs1_points.png","Recruitment deviations",NA,"RecDev",2024-06-29 12:39:35.819108,"StartTime: Fri Jun 28 13:18:02 2024"
"recdevs2_withbars.png","Recruitment deviations with 95% intervals",NA,"RecDev",2024-06-29 12:39:35.819108,"StartTime: Fri Jun 28 13:18:02 2024"
"recdevs3_varcheck.png","Recruitment deviations variance check.<br> See later figure of transformed variance values for comparison with bias adjustment settings in the model.",NA,"RecDev",2024-06-29 12:39:35.819108,"StartTime: Fri Jun 28 13:18:02 2024"
"recruit_fit_bias_adjust.png","Points are transformed variances. Red line shows current settings for bias adjustment specified in control file. Blue line shows least squares estimate of alternative bias adjustment relationship for recruitment deviations (which may or may not be an improvement. For more information, see<br> 
<blockquote>Methot, R.D. and Taylor, I.G., 2011. Adjusting for bias due to variability of estimated recruitments in fishery assessment models. <i>Can. J. Fish. Aquat. Sci.</i>, 68:1744-1760.</blockquote><br> 
Estimated alternative inputs to SS control file associated with blue line in figure: 
<pre>1972.5   #_last_early_yr_nobias_adj_in_MPD 
1989.1   #_first_yr_fullbias_adj_in_MPD 
2022.9   #_last_yr_fullbias_adj_in_MPD 
2024.1   #_first_recent_yr_nobias_adj_in_MPD 
0.9901  #_max_bias_adj_in_MPD (1.0 to mimic pre-2009 models) </pre>",NA,"RecDev",2024-06-29 12:39:35.819108,"StartTime: Fri Jun 28 13:18:02 2024"
"SR_curve.png","Stock-recruit curve.  Point colors indicate year, with warmer colors indicating earlier years and cooler colors in showing later years.",NA,"S-R",2024-06-29 12:39:35.819108,"StartTime: Fri Jun 28 13:18:02 2024"
"SR_curve2.png","Stock-recruit curve with labels on first, last, and years with (log) deviations > 0.5. Point colors indicate year, with warmer colors indicating earlier years and cooler colors in showing later years.",NA,"S-R",2024-06-29 12:39:35.819108,"StartTime: Fri Jun 28 13:18:02 2024"
"SR_resids.png","Deviations around the stock-recruit curve. Labels are on first, last, and years with (log) deviations > 0.5. Point colors indicate year, with warmer colors indicating earlier years and cooler colors in showing later years.",NA,"S-R",2024-06-29 12:39:35.819108,"StartTime: Fri Jun 28 13:18:02 2024"
"catch1 landings.png","landings",NA,"Catch",2024-06-29 12:39:35.819108,"StartTime: Fri Jun 28 13:18:02 2024"
"catch2 landings stacked.png","landings stacked",NA,"Catch",2024-06-29 12:39:35.819108,"StartTime: Fri Jun 28 13:18:02 2024"
"catch3 observed and expected landings (if different).png","observed and expected landings (if different)",NA,"Catch",2024-06-29 12:39:35.819108,"StartTime: Fri Jun 28 13:18:02 2024"
"catch9 harvest rate.png","harvest rate",NA,"Catch",2024-06-29 12:39:35.819108,"StartTime: Fri Jun 28 13:18:02 2024"
"catch10 landings aggregated across seasons.png"," landings aggregated across seasons",NA,"Catch",2024-06-29 12:39:35.819108,"StartTime: Fri Jun 28 13:18:02 2024"
"SPR1_series.png","Timeseries of SPR",NA,"SPR",2024-06-29 12:39:35.819108,"StartTime: Fri Jun 28 13:18:02 2024"
"SPR3_ratiointerval.png","Timeseries of SPR ratio: 1-SPR",NA,"SPR",2024-06-29 12:39:35.819108,"StartTime: Fri Jun 28 13:18:02 2024"
"SPR4_phase.png","Phase plot of biomass ratio vs. SPR ratio.<br> Each point represents the biomass ratio at the start of the year and the relative fishing intensity in that same year. Warmer colors (red) represent early years and colder colors (blue) represent recent years. Lines through the final point show 95% intervals based on the asymptotic uncertainty for each dimension. The shaded ellipse is a 95% region which accounts for the estimated correlation between the two quantities: -0.976. ",NA,"SPR",2024-06-29 12:39:35.819108,"StartTime: Fri Jun 28 13:18:02 2024"
"index1_cpuedata_ECOCADIZ.png","Index data for ECOCADIZ. Lines indicate 95% uncertainty interval around index values based on the model assumption of lognormal error. Thicker lines (if present) indicate input uncertainty before addition of estimated additional uncertainty parameter.",NA,"Index",2024-06-29 12:39:35.819108,"StartTime: Fri Jun 28 13:18:02 2024"
"index2_cpuefit_ECOCADIZ.png","Fit to index data for ECOCADIZ. Lines indicate 95% uncertainty interval around index values based on the model assumption of lognormal error. Thicker lines (if present) indicate input uncertainty before addition of estimated additional uncertainty parameter.",NA,"Index",2024-06-29 12:39:35.819108,"StartTime: Fri Jun 28 13:18:02 2024"
"index3_obs_vs_exp_ECOCADIZ.png","Observed vs. expected index values with smoother for ECOCADIZ",NA,"Index",2024-06-29 12:39:35.819108,"StartTime: Fri Jun 28 13:18:02 2024"
"index4_logcpuedata_ECOCADIZ.png","Log index data for ECOCADIZ. Lines indicate 95% uncertainty interval around index values based on the model assumption of lognormal error. Thicker lines (if present) indicate input uncertainty before addition of estimated additional uncertainty parameter.",NA,"Index",2024-06-29 12:39:35.819108,"StartTime: Fri Jun 28 13:18:02 2024"
"index5_logcpuefit_ECOCADIZ.png","Fit to log index data on log scale for ECOCADIZ. Lines indicate 95% uncertainty interval around index values based on the model assumption of lognormal error. Thicker lines (if present) indicate input uncertainty before addition of estimated additional uncertainty parameter.",NA,"Index",2024-06-29 12:39:35.819108,"StartTime: Fri Jun 28 13:18:02 2024"
"index6_log_obs_vs_exp_ECOCADIZ.png","log(observed) vs. log(expected) index values with smoother for ECOCADIZ",NA,"Index",2024-06-29 12:39:35.819108,"StartTime: Fri Jun 28 13:18:02 2024"
"index10_resids_SE_total_ECOCADIZ.png","Residuals of fit to index for ECOCADIZ.<br>Values are (log(Obs) - log(Exp))/SE where SE is the total standard error including any estimated additional uncertainty.",NA,"Index",2024-06-29 12:39:35.819108,"StartTime: Fri Jun 28 13:18:02 2024"
"index12_resids_SE_total_ECOCADIZ.png","Deviations for fit to index for ECOCADIZ.<br>Values are log(Obs) - log(Exp) and thus independent of index uncertainty.",NA,"Index",2024-06-29 12:39:35.819108,"StartTime: Fri Jun 28 13:18:02 2024"
"index1_cpuedata_PELAGO.png","Index data for PELAGO. Lines indicate 95% uncertainty interval around index values based on the model assumption of lognormal error. Thicker lines (if present) indicate input uncertainty before addition of estimated additional uncertainty parameter.",NA,"Index",2024-06-29 12:39:35.819108,"StartTime: Fri Jun 28 13:18:02 2024"
"index2_cpuefit_PELAGO.png","Fit to index data for PELAGO. Lines indicate 95% uncertainty interval around index values based on the model assumption of lognormal error. Thicker lines (if present) indicate input uncertainty before addition of estimated additional uncertainty parameter.",NA,"Index",2024-06-29 12:39:35.819108,"StartTime: Fri Jun 28 13:18:02 2024"
"index3_obs_vs_exp_PELAGO.png","Observed vs. expected index values with smoother for PELAGO",NA,"Index",2024-06-29 12:39:35.819108,"StartTime: Fri Jun 28 13:18:02 2024"
"index4_logcpuedata_PELAGO.png","Log index data for PELAGO. Lines indicate 95% uncertainty interval around index values based on the model assumption of lognormal error. Thicker lines (if present) indicate input uncertainty before addition of estimated additional uncertainty parameter.",NA,"Index",2024-06-29 12:39:35.819108,"StartTime: Fri Jun 28 13:18:02 2024"
"index5_logcpuefit_PELAGO.png","Fit to log index data on log scale for PELAGO. Lines indicate 95% uncertainty interval around index values based on the model assumption of lognormal error. Thicker lines (if present) indicate input uncertainty before addition of estimated additional uncertainty parameter.",NA,"Index",2024-06-29 12:39:35.819108,"StartTime: Fri Jun 28 13:18:02 2024"
"index6_log_obs_vs_exp_PELAGO.png","log(observed) vs. log(expected) index values with smoother for PELAGO",NA,"Index",2024-06-29 12:39:35.819108,"StartTime: Fri Jun 28 13:18:02 2024"
"index10_resids_SE_total_PELAGO.png","Residuals of fit to index for PELAGO.<br>Values are (log(Obs) - log(Exp))/SE where SE is the total standard error including any estimated additional uncertainty.",NA,"Index",2024-06-29 12:39:35.819108,"StartTime: Fri Jun 28 13:18:02 2024"
"index12_resids_SE_total_PELAGO.png","Deviations for fit to index for PELAGO.<br>Values are log(Obs) - log(Exp) and thus independent of index uncertainty.",NA,"Index",2024-06-29 12:39:35.819108,"StartTime: Fri Jun 28 13:18:02 2024"
"index1_cpuedata_ECORECLUTAS.png","Index data for ECORECLUTAS. Lines indicate 95% uncertainty interval around index values based on the model assumption of lognormal error. Thicker lines (if present) indicate input uncertainty before addition of estimated additional uncertainty parameter.",NA,"Index",2024-06-29 12:39:35.819108,"StartTime: Fri Jun 28 13:18:02 2024"
"index2_cpuefit_ECORECLUTAS.png","Fit to index data for ECORECLUTAS. Lines indicate 95% uncertainty interval around index values based on the model assumption of lognormal error. Thicker lines (if present) indicate input uncertainty before addition of estimated additional uncertainty parameter.",NA,"Index",2024-06-29 12:39:35.819108,"StartTime: Fri Jun 28 13:18:02 2024"
"index3_obs_vs_exp_ECORECLUTAS.png","Observed vs. expected index values with smoother for ECORECLUTAS",NA,"Index",2024-06-29 12:39:35.819108,"StartTime: Fri Jun 28 13:18:02 2024"
"index4_logcpuedata_ECORECLUTAS.png","Log index data for ECORECLUTAS. Lines indicate 95% uncertainty interval around index values based on the model assumption of lognormal error. Thicker lines (if present) indicate input uncertainty before addition of estimated additional uncertainty parameter.",NA,"Index",2024-06-29 12:39:35.819108,"StartTime: Fri Jun 28 13:18:02 2024"
"index5_logcpuefit_ECORECLUTAS.png","Fit to log index data on log scale for ECORECLUTAS. Lines indicate 95% uncertainty interval around index values based on the model assumption of lognormal error. Thicker lines (if present) indicate input uncertainty before addition of estimated additional uncertainty parameter.",NA,"Index",2024-06-29 12:39:35.819108,"StartTime: Fri Jun 28 13:18:02 2024"
"index6_log_obs_vs_exp_ECORECLUTAS.png","log(observed) vs. log(expected) index values with smoother for ECORECLUTAS",NA,"Index",2024-06-29 12:39:35.819108,"StartTime: Fri Jun 28 13:18:02 2024"
"index10_resids_SE_total_ECORECLUTAS.png","Residuals of fit to index for ECORECLUTAS.<br>Values are (log(Obs) - log(Exp))/SE where SE is the total standard error including any estimated additional uncertainty.",NA,"Index",2024-06-29 12:39:35.819108,"StartTime: Fri Jun 28 13:18:02 2024"
"index12_resids_SE_total_ECORECLUTAS.png","Deviations for fit to index for ECORECLUTAS.<br>Values are log(Obs) - log(Exp) and thus independent of index uncertainty.",NA,"Index",2024-06-29 12:39:35.819108,"StartTime: Fri Jun 28 13:18:02 2024"
"index9_standcpueall.png","Standardized indices overlaid. Each index is rescaled to have mean observation = 1.0.",NA,"Index",2024-06-29 12:39:35.819108,"StartTime: Fri Jun 28 13:18:02 2024"
"numbers1_sex1_beg.png","Beginning of season 1 expected numbers at age in (max ~ 874.2 million)",NA,"Numbers",2024-06-29 12:39:35.819108,"StartTime: Fri Jun 28 13:18:02 2024"
"numbers1_sex1_mid.png","Middle of season 1 expected numbers at age in (max ~ 710.1 million)",NA,"Numbers",2024-06-29 12:39:35.819108,"StartTime: Fri Jun 28 13:18:02 2024"
"numbers6_len_sex1.png","Beginning of season 1 expected numbers at length in (max ~ 192.4 million)",NA,"Numbers",2024-06-29 12:39:35.819108,"StartTime: Fri Jun 28 13:18:02 2024"
"numbers6_len_sex1.png","Middle of season 1 expected numbers at length in (max ~ 143.1 million)",NA,"Numbers",2024-06-29 12:39:35.819108,"StartTime: Fri Jun 28 13:18:02 2024"
"numbers4_equilagecomp.png","Equilibrium age distribution",NA,"Numbers",2024-06-29 12:39:35.819108,"StartTime: Fri Jun 28 13:18:02 2024"
"comp_lendat__aggregated_across_time.png","Length comp data, aggregated across time by fleet.
 <br> Labels 'retained' and 'discard' indicate discarded or retained sampled for each fleet. Panels without this designation represent the whole catch.
",NA,"CompDat",2024-06-29 12:39:35.819108,"StartTime: Fri Jun 28 13:18:02 2024"
"comp_lendat__multi-fleet_comparison.png","Length comp data,  comparing across fleets",NA,"CompDat",2024-06-29 12:39:35.819108,"StartTime: Fri Jun 28 13:18:02 2024"
"comp_lendat_flt1mkt0_page1.png","Length comp data, whole catch, SEINE (plot 1 of 6).<br><br>'N adj.' is the input sample size after data-weighting adjustment. N eff. is the calculated effective sample size used in the McAllister-Ianelli tuning method.",NA,"CompDat",2024-06-29 12:39:35.819108,"StartTime: Fri Jun 28 13:18:02 2024"
"comp_lendat_flt1mkt0_page2.png","Length comp data, whole catch, SEINE (plot 1 of 6).<br><br>'N adj.' is the input sample size after data-weighting adjustment. N eff. is the calculated effective sample size used in the McAllister-Ianelli tuning method. (plot 2 of 6)",NA,"CompDat",2024-06-29 12:39:35.819108,"StartTime: Fri Jun 28 13:18:02 2024"
"comp_lendat_flt1mkt0_page3.png","Length comp data, whole catch, SEINE (plot 1 of 6).<br><br>'N adj.' is the input sample size after data-weighting adjustment. N eff. is the calculated effective sample size used in the McAllister-Ianelli tuning method. (plot 2 of 6) (plot 3 of 6)",NA,"CompDat",2024-06-29 12:39:35.819108,"StartTime: Fri Jun 28 13:18:02 2024"
"comp_lendat_flt1mkt0_page4.png","Length comp data, whole catch, SEINE (plot 1 of 6).<br><br>'N adj.' is the input sample size after data-weighting adjustment. N eff. is the calculated effective sample size used in the McAllister-Ianelli tuning method. (plot 2 of 6) (plot 3 of 6) (plot 4 of 6)",NA,"CompDat",2024-06-29 12:39:35.819108,"StartTime: Fri Jun 28 13:18:02 2024"
"comp_lendat_flt1mkt0_page5.png","Length comp data, whole catch, SEINE (plot 1 of 6).<br><br>'N adj.' is the input sample size after data-weighting adjustment. N eff. is the calculated effective sample size used in the McAllister-Ianelli tuning method. (plot 2 of 6) (plot 3 of 6) (plot 4 of 6) (plot 5 of 6)",NA,"CompDat",2024-06-29 12:39:35.819108,"StartTime: Fri Jun 28 13:18:02 2024"
"comp_lendat_flt1mkt0_page6.png","Length comp data, whole catch, SEINE (plot 1 of 6).<br><br>'N adj.' is the input sample size after data-weighting adjustment. N eff. is the calculated effective sample size used in the McAllister-Ianelli tuning method. (plot 2 of 6) (plot 3 of 6) (plot 4 of 6) (plot 5 of 6) (plot 6 of 6)",NA,"CompDat",2024-06-29 12:39:35.819108,"StartTime: Fri Jun 28 13:18:02 2024"
"comp_lendat_bubflt1mkt0_page6.png","Length comp data, whole catch, SEINE (max=0.38) (plot 6 of 6)",NA,"CompDat",2024-06-29 12:39:35.819108,"StartTime: Fri Jun 28 13:18:02 2024"
"comp_lendat_data_weighting_TA1.8_SEINE.png","Mean length for SEINE with 95% confidence intervals based on current sample sizes.",NA,"CompDat",2024-06-29 12:39:35.819108,"StartTime: Fri Jun 28 13:18:02 2024"
"comp_lendat_flt2mkt0.png","Length comp data, whole catch, ECOCADIZ.<br><br>'N adj.' is the input sample size after data-weighting adjustment. N eff. is the calculated effective sample size used in the McAllister-Ianelli tuning method.",NA,"CompDat",2024-06-29 12:39:35.819108,"StartTime: Fri Jun 28 13:18:02 2024"
"comp_lendat_bubflt2mkt0.png","Length comp data, whole catch, ECOCADIZ (max=0.21)",NA,"CompDat",2024-06-29 12:39:35.819108,"StartTime: Fri Jun 28 13:18:02 2024"
"comp_lendat_data_weighting_TA1.8_ECOCADIZ.png","Mean length for ECOCADIZ with 95% confidence intervals based on current sample sizes.",NA,"CompDat",2024-06-29 12:39:35.819108,"StartTime: Fri Jun 28 13:18:02 2024"
"comp_lendat_flt3mkt0.png","Length comp data, whole catch, PELAGO.<br><br>'N adj.' is the input sample size after data-weighting adjustment. N eff. is the calculated effective sample size used in the McAllister-Ianelli tuning method.",NA,"CompDat",2024-06-29 12:39:35.819108,"StartTime: Fri Jun 28 13:18:02 2024"
"comp_lendat_bubflt3mkt0.png","Length comp data, whole catch, PELAGO (max=0.31)",NA,"CompDat",2024-06-29 12:39:35.819108,"StartTime: Fri Jun 28 13:18:02 2024"
"comp_lendat_data_weighting_TA1.8_PELAGO.png","Mean length for PELAGO with 95% confidence intervals based on current sample sizes.",NA,"CompDat",2024-06-29 12:39:35.819108,"StartTime: Fri Jun 28 13:18:02 2024"
"comp_lendat_flt4mkt0.png","Length comp data, whole catch, ECORECLUTAS.<br><br>'N adj.' is the input sample size after data-weighting adjustment. N eff. is the calculated effective sample size used in the McAllister-Ianelli tuning method.",NA,"CompDat",2024-06-29 12:39:35.819108,"StartTime: Fri Jun 28 13:18:02 2024"
"comp_lendat_bubflt4mkt0.png","Length comp data, whole catch, ECORECLUTAS (max=0.26)",NA,"CompDat",2024-06-29 12:39:35.819108,"StartTime: Fri Jun 28 13:18:02 2024"
"comp_lendat_data_weighting_TA1.8_ECORECLUTAS.png","Mean length for ECORECLUTAS with 95% confidence intervals based on current sample sizes.",NA,"CompDat",2024-06-29 12:39:35.819108,"StartTime: Fri Jun 28 13:18:02 2024"
"comp_lenfit__aggregated_across_time.png","Length comps, aggregated across time by fleet.
 <br> Labels 'retained' and 'discard' indicate discarded or retained sampled for each fleet. Panels without this designation represent the whole catch.
",NA,"LenComp",2024-06-29 12:39:35.819108,"StartTime: Fri Jun 28 13:18:02 2024"
"comp_lenfit__multi-fleet_comparison.png","Pearson residuals,  comparing across fleets <br> 
Closed bubbles are positive residuals (observed > expected) and open bubbles are negative residuals (observed < expected).",NA,"LenComp",2024-06-29 12:39:35.819108,"StartTime: Fri Jun 28 13:18:02 2024"
"comp_lenfit_flt1mkt0_page1.png","Length comps, whole catch, SEINE (plot 1 of 6).<br><br>'N adj.' is the input sample size after data-weighting adjustment. N eff. is the calculated effective sample size used in the McAllister-Ianelli tuning method.",NA,"LenComp",2024-06-29 12:39:35.819108,"StartTime: Fri Jun 28 13:18:02 2024"
"comp_lenfit_flt1mkt0_page2.png","Length comps, whole catch, SEINE (plot 1 of 6).<br><br>'N adj.' is the input sample size after data-weighting adjustment. N eff. is the calculated effective sample size used in the McAllister-Ianelli tuning method. (plot 2 of 6)",NA,"LenComp",2024-06-29 12:39:35.819108,"StartTime: Fri Jun 28 13:18:02 2024"
"comp_lenfit_flt1mkt0_page3.png","Length comps, whole catch, SEINE (plot 1 of 6).<br><br>'N adj.' is the input sample size after data-weighting adjustment. N eff. is the calculated effective sample size used in the McAllister-Ianelli tuning method. (plot 2 of 6) (plot 3 of 6)",NA,"LenComp",2024-06-29 12:39:35.819108,"StartTime: Fri Jun 28 13:18:02 2024"
"comp_lenfit_flt1mkt0_page4.png","Length comps, whole catch, SEINE (plot 1 of 6).<br><br>'N adj.' is the input sample size after data-weighting adjustment. N eff. is the calculated effective sample size used in the McAllister-Ianelli tuning method. (plot 2 of 6) (plot 3 of 6) (plot 4 of 6)",NA,"LenComp",2024-06-29 12:39:35.819108,"StartTime: Fri Jun 28 13:18:02 2024"
"comp_lenfit_flt1mkt0_page5.png","Length comps, whole catch, SEINE (plot 1 of 6).<br><br>'N adj.' is the input sample size after data-weighting adjustment. N eff. is the calculated effective sample size used in the McAllister-Ianelli tuning method. (plot 2 of 6) (plot 3 of 6) (plot 4 of 6) (plot 5 of 6)",NA,"LenComp",2024-06-29 12:39:35.819108,"StartTime: Fri Jun 28 13:18:02 2024"
"comp_lenfit_flt1mkt0_page6.png","Length comps, whole catch, SEINE (plot 1 of 6).<br><br>'N adj.' is the input sample size after data-weighting adjustment. N eff. is the calculated effective sample size used in the McAllister-Ianelli tuning method. (plot 2 of 6) (plot 3 of 6) (plot 4 of 6) (plot 5 of 6) (plot 6 of 6)",NA,"LenComp",2024-06-29 12:39:35.819108,"StartTime: Fri Jun 28 13:18:02 2024"
"comp_lenfit_residsflt1mkt0_page6.png","Pearson residuals, whole catch, SEINE (max=209.46) (plot 6 of 6) <br> 
Closed bubbles are positive residuals (observed > expected) and open bubbles are negative residuals (observed < expected).",NA,"LenComp",2024-06-29 12:39:35.819108,"StartTime: Fri Jun 28 13:18:02 2024"
"comp_lenfit_sampsize_flt1mkt0.png","N-EffN comparison, Length comps, whole catch, SEINE",NA,"LenComp",2024-06-29 12:39:35.819108,"StartTime: Fri Jun 28 13:18:02 2024"
"comp_lenfit_data_weighting_TA1.8_SEINE.png","Mean length for SEINE with 95% confidence intervals based on current sample sizes.<br>Francis data weighting method TA1.8: thinner intervals (with capped ends) show result of further adjusting sample sizes based on suggested multiplier (with 95% interval) for len data from SEINE:<br>0.1392 (0.0824-0.2838) <br>For more info, see  <a href=https://doi.org/10.1139/f2011-025> Francis (2011)</a>.",NA,"LenComp",2024-06-29 12:39:35.819108,"StartTime: Fri Jun 28 13:18:02 2024"
"comp_lenfit_flt2mkt0.png","Length comps, whole catch, ECOCADIZ.<br><br>'N adj.' is the input sample size after data-weighting adjustment. N eff. is the calculated effective sample size used in the McAllister-Ianelli tuning method.",NA,"LenComp",2024-06-29 12:39:35.819108,"StartTime: Fri Jun 28 13:18:02 2024"
"comp_lenfit_residsflt2mkt0.png","Pearson residuals, whole catch, ECOCADIZ (max=21.6) <br> 
Closed bubbles are positive residuals (observed > expected) and open bubbles are negative residuals (observed < expected).",NA,"LenComp",2024-06-29 12:39:35.819108,"StartTime: Fri Jun 28 13:18:02 2024"
"comp_lenfit_sampsize_flt2mkt0.png","N-EffN comparison, Length comps, whole catch, ECOCADIZ",NA,"LenComp",2024-06-29 12:39:35.819108,"StartTime: Fri Jun 28 13:18:02 2024"
"comp_lenfit_data_weighting_TA1.8_ECOCADIZ.png","Mean length for ECOCADIZ with 95% confidence intervals based on current sample sizes.<br>Francis data weighting method TA1.8: thinner intervals (with capped ends) show result of further adjusting sample sizes based on suggested multiplier (with 95% interval) for len data from ECOCADIZ:<br>0.0563 (0.0377-0.1344) <br>For more info, see  <a href=https://doi.org/10.1139/f2011-025> Francis (2011)</a>.",NA,"LenComp",2024-06-29 12:39:35.819108,"StartTime: Fri Jun 28 13:18:02 2024"
"comp_lenfit_flt3mkt0.png","Length comps, whole catch, PELAGO.<br><br>'N adj.' is the input sample size after data-weighting adjustment. N eff. is the calculated effective sample size used in the McAllister-Ianelli tuning method.",NA,"LenComp",2024-06-29 12:39:35.819108,"StartTime: Fri Jun 28 13:18:02 2024"
"comp_lenfit_residsflt3mkt0.png","Pearson residuals, whole catch, PELAGO (max=50.05) <br> 
Closed bubbles are positive residuals (observed > expected) and open bubbles are negative residuals (observed < expected).",NA,"LenComp",2024-06-29 12:39:35.819108,"StartTime: Fri Jun 28 13:18:02 2024"
"comp_lenfit_sampsize_flt3mkt0.png","N-EffN comparison, Length comps, whole catch, PELAGO",NA,"LenComp",2024-06-29 12:39:35.819108,"StartTime: Fri Jun 28 13:18:02 2024"
"comp_lenfit_data_weighting_TA1.8_PELAGO.png","Mean length for PELAGO with 95% confidence intervals based on current sample sizes.<br>Francis data weighting method TA1.8: thinner intervals (with capped ends) show result of further adjusting sample sizes based on suggested multiplier (with 95% interval) for len data from PELAGO:<br>0.0726 (0.0523-0.1374) <br>For more info, see  <a href=https://doi.org/10.1139/f2011-025> Francis (2011)</a>.",NA,"LenComp",2024-06-29 12:39:35.819108,"StartTime: Fri Jun 28 13:18:02 2024"
"comp_lenfit_flt4mkt0.png","Length comps, whole catch, ECORECLUTAS.<br><br>'N adj.' is the input sample size after data-weighting adjustment. N eff. is the calculated effective sample size used in the McAllister-Ianelli tuning method.",NA,"LenComp",2024-06-29 12:39:35.819108,"StartTime: Fri Jun 28 13:18:02 2024"
"comp_lenfit_residsflt4mkt0.png","Pearson residuals, whole catch, ECORECLUTAS (max=13.61) <br> 
Closed bubbles are positive residuals (observed > expected) and open bubbles are negative residuals (observed < expected).",NA,"LenComp",2024-06-29 12:39:35.819108,"StartTime: Fri Jun 28 13:18:02 2024"
"comp_lenfit_sampsize_flt4mkt0.png","N-EffN comparison, Length comps, whole catch, ECORECLUTAS",NA,"LenComp",2024-06-29 12:39:35.819108,"StartTime: Fri Jun 28 13:18:02 2024"
"comp_lenfit_data_weighting_TA1.8_ECORECLUTAS.png","Mean length for ECORECLUTAS with 95% confidence intervals based on current sample sizes.<br>Francis data weighting method TA1.8: thinner intervals (with capped ends) show result of further adjusting sample sizes based on suggested multiplier (with 95% interval) for len data from ECORECLUTAS:<br>0.042 (0.0292-0.1097) <br>For more info, see  <a href=https://doi.org/10.1139/f2011-025> Francis (2011)</a>.",NA,"LenComp",2024-06-29 12:39:35.819108,"StartTime: Fri Jun 28 13:18:02 2024"
"yield1_yield_curve.png","Yield curve",NA,"Yield",2024-06-29 12:39:35.819108,"StartTime: Fri Jun 28 13:18:02 2024"
"yield2_yield_curve_with_refpoints.png","Yield curve with reference points",NA,"Yield",2024-06-29 12:39:35.819108,"StartTime: Fri Jun 28 13:18:02 2024"
"yield3_surplus_production.png","Surplus production vs. biomass plot. For interpretation, see<br> <blockquote>Walters, Hilborn, and  Christensen, 2008, Surplus production dynamics in declining and recovering fish populations. <i>Can. J. Fish. Aquat. Sci.</i> 65: 2536-2551.</blockquote>",NA,"Yield",2024-06-29 12:39:35.819108,"StartTime: Fri Jun 28 13:18:02 2024"
"yield4_YPR_timeseries.png","Time series of yield per recruit (kg)",NA,"Yield",2024-06-29 12:39:35.819108,"StartTime: Fri Jun 28 13:18:02 2024"
"data_plot.png","Data presence by year for each fleet and data type.",NA,"Data",2024-06-29 12:39:35.819108,"StartTime: Fri Jun 28 13:18:02 2024"
"data_plot2.png","Data presence by year for each fleet, where circle area is <br>  relative within a data type. Circles are proportional to <br>  total catch for catches; to precision for indices, discards, and <br>  mean body weight observations; and to total sample size for <br> compositions and mean weight- or length-at-age observations. <br> Observations excluded from the likelihood have <br> equal size for all years. <br> Note that since the circles are are scaled relative <br>  to maximum within each type, the scaling within separate plots <br>  should not be compared. <br>This is a seasonal model, so scaling is based on either <br>  the sum of samples within each year (for things like comps) <br>  or the average among observations within a year (for  <br>  things like index uncertainty).",NA,"Data",2024-06-29 12:39:35.819108,"StartTime: Fri Jun 28 13:18:02 2024"
"parameter_distributions_page1.png","Parameter distribution plots (plot 1 of 2). <br>Deviation parameters are not included. <br>Plotting range is equal to input limits on parameters. Use fitrange = TRUE to scale the range to the estimates.",NA,"Pars",2024-06-29 12:39:35.819108,"StartTime: Fri Jun 28 13:18:02 2024"
"parameter_distributions_page2.png","Parameter distribution plots (plot 2 of 2).",NA,"Pars",2024-06-29 12:39:35.819108,"StartTime: Fri Jun 28 13:18:02 2024"
"parameterchecks.html","<b>Estimated parameters (excluding deviation parameters)</b><br> Any parameter with a gradient value with an absolute value above 0.001 or a parameter on bounds is colored in red.",NA,"DiagnosticTables",2024-06-29 12:39:35.819108,"StartTime: Fri Jun 28 13:18:02 2024"
"correlationcheck.html","<b>Highly correlated parameter pairs</b><br> Pairs of parameters with the  50  highest correlations, sorted by absolute value of the correlation. Correlations above 0.95 (in absolute value) are colored in red. These parameters may be confounded or may cause convergence issues.",NA,"DiagnosticTables",2024-06-29 12:39:35.819108,"StartTime: Fri Jun 28 13:18:02 2024"
"lowcorrelationcheck.html","<b>Parameters with low correlations</b><br> Estimated parameters that are the least correlated with all other parameters. The correlation value represents the maximum correlation between the parameter in question and all other estimated parameters. Uncorrelated parameters may not be playing a significant role in the model. Maximum correlations below 0.01 are colored in red.",NA,"DiagnosticTables",2024-06-29 12:39:35.819108,"StartTime: Fri Jun 28 13:18:02 2024"
